"heart_rate","systolic_bp","temperature","is_sepsis","sys_bp_norm","fever_sirs_flag","sepsis_prob","high_risk_alert"
110,95,38.5,1,0.166666666666667,1,0.999999999978567,1
85,120,36.8,0,1,0,2.14334458400479e-11,0
125,90,39.2,1,0,1,0.999999999978567,1
75,115,37.1,0,0.833333333333333,0,2.14334458696062e-11,0
105,100,38.1,1,0.333333333333333,1,0.999999999978567,1
