"","hr","sbp","temp","sepsis","x1","x2","x3","y","x2_norm","f","pred"
"1",110,95,38.5,1,110,95,38.5,1,0.166666666666667,1,1
"2",85,120,36.8,0,85,120,36.8,0,1,0,0
"3",125,90,39.2,1,125,90,39.2,1,0,1,1
"4",75,115,37.1,0,75,115,37.1,0,0.833333333333333,0,0
"5",105,100,38.1,1,105,100,38.1,1,0.333333333333333,1,1
